{
    "metrics": {
        "http_req_duration": {
            "p(95)": 2294.4139999999998,
            "avg": 2154.606158494143,
            "min": 2096.526,
            "med": 2102.961,
            "max": 8004.124,
            "p(90)": 2178.5425999999998
        },
        "http_req_failed": {
            "passes": 0,
            "fails": 9483,
            "value": 0
        },
        "http_req_blocked": {
            "med": 0.001,
            "max": 2605.963,
            "p(90)": 0.001,
            "p(95)": 0.001,
            "avg": 27.4184494358254,
            "min": 0
        },
        "http_req_sending": {
            "p(90)": 0.129,
            "p(95)": 0.134,
            "avg": 0.0883200463988194,
            "min": 0.016,
            "med": 0.086,
            "max": 0.451
        },
        "Duração": {
            "p(90)": 2178.5425999999998,
            "p(95)": 2294.4139999999998,
            "avg": 2154.606158494143,
            "min": 2096.526,
            "med": 2102.961,
            "max": 8004.124
        },
        "data_sent": {
            "count": 465269,
            "rate": 1533.0718699950153
        },
        "http_req_waiting": {
            "p(95)": 2294.1758999999997,
            "avg": 2154.444377306758,
            "min": 2096.397,
            "med": 2102.806,
            "max": 8003.896,
            "p(90)": 2178.3650000000002
        },
        "http_req_connecting": {
            "p(90)": 0,
            "p(95)": 0,
            "avg": 1.211231361383528,
            "min": 0,
            "med": 0,
            "max": 129.323
        },
        "iterations": {
            "count": 9483,
            "rate": 31.24669931408009
        },
        "Falhas": {
            "fails": 9483,
            "passes": 0,
            "value": 0
        },
        "http_reqs": {
            "count": 9483,
            "rate": 31.24669931408009
        },
        "http_req_duration{expected_response:true}": {
            "avg": 2154.606158494143,
            "min": 2096.526,
            "med": 2102.961,
            "max": 8004.124,
            "p(90)": 2178.5425999999998,
            "p(95)": 2294.4139999999998
        },
        "vus_max": {
            "value": 100,
            "min": 100,
            "max": 100
        },
        "iteration_duration": {
            "med": 3104.051084,
            "max": 9539.597727,
            "p(90)": 3180.0140503999996,
            "p(95)": 3304.4100802,
            "avg": 3183.194396267855,
            "min": 3096.872095
        },
        "http_req_tls_handshaking": {
            "med": 0,
            "max": 345.199,
            "p(90)": 0,
            "p(95)": 0,
            "avg": 3.5281057682168093,
            "min": 0
        },
        "Total Requestes": {
            "count": 9483,
            "rate": 31.24669931408009
        },
        "vus": {
            "value": 10,
            "min": 10,
            "max": 100
        },
        "data_received": {
            "count": 5268651,
            "rate": 17360.324115557036
        },
        "http_req_receiving": {
            "avg": 0.07346114098913807,
            "min": 0.012,
            "med": 0.062,
            "max": 2.419,
            "p(90)": 0.095,
            "p(95)": 0.119
        },
        "Sucesso": {
            "fails": 0,
            "passes": 9483,
            "value": 1
        }
    },
    "root_group": {
        "name": "",
        "path": "",
        "id": "d41d8cd98f00b204e9800998ecf8427e",
        "groups": {},
        "checks": {}
    }
}