{
    "metrics": {
        "Falhas": {
            "passes": 1,
            "fails": 18985,
            "value": 0.00005267038870746866
        },
        "iterations": {
            "count": 18986,
            "rate": 62.636827743507816
        },
        "http_req_tls_handshaking": {
            "avg": 4.163377119983144,
            "min": 0,
            "med": 0,
            "max": 914.4,
            "p(90)": 0,
            "p(95)": 0
        },
        "http_req_receiving": {
            "min": 0.013,
            "med": 0.056,
            "max": 417.598,
            "p(90)": 0.1135,
            "p(95)": 0.225,
            "avg": 0.09998140735278623
        },
        "data_sent": {
            "count": 931398,
            "rate": 3072.7807904059673
        },
        "vus": {
            "value": 6,
            "min": 6,
            "max": 200
        },
        "Duração": {
            "avg": 2160.850699620775,
            "min": 138.886,
            "med": 2103.104,
            "max": 8072.182,
            "p(90)": 2236.2929999999997,
            "p(95)": 2361.152
        },
        "http_req_duration": {
            "avg": 2160.850699620775,
            "min": 138.886,
            "med": 2103.104,
            "max": 8072.182,
            "p(90)": 2236.2929999999997,
            "p(95)": 2361.152
        },
        "http_req_duration{expected_response:true}": {
            "min": 2096.345,
            "med": 2103.104,
            "max": 8072.182,
            "p(90)": 2236.3080000000004,
            "p(95)": 2361.1576,
            "avg": 2160.9572028970256
        },
        "http_req_sending": {
            "avg": 0.07957157905825311,
            "min": 0.016,
            "med": 0.072,
            "max": 9.868,
            "p(90)": 0.125,
            "p(95)": 0.13
        },
        "vus_max": {
            "value": 200,
            "min": 200,
            "max": 200
        },
        "http_req_blocked": {
            "max": 2119.353,
            "p(90)": 0.001,
            "p(95)": 0.001,
            "avg": 16.551510218048207,
            "min": 0,
            "med": 0.001
        },
        "data_received": {
            "rate": 34795.559494292305,
            "count": 10546966
        },
        "http_req_failed": {
            "passes": 1,
            "fails": 18985,
            "value": 0.00005267038870746866
        },
        "Sucesso": {
            "passes": 18985,
            "fails": 1,
            "value": 0.9999473296112925
        },
        "iteration_duration": {
            "avg": 3178.1381207933305,
            "min": 1139.660369,
            "med": 3103.8339265,
            "max": 9074.075021,
            "p(90)": 3246.2626895,
            "p(95)": 3373.677951
        },
        "http_reqs": {
            "count": 18986,
            "rate": 62.636827743507816
        },
        "http_req_connecting": {
            "p(95)": 0,
            "avg": 1.346928684293691,
            "min": 0,
            "med": 0,
            "max": 161.936,
            "p(90)": 0
        },
        "http_req_waiting": {
            "p(95)": 2360.875,
            "avg": 2160.6711466343645,
            "min": 138.689,
            "med": 2102.9505,
            "max": 8072.017,
            "p(90)": 2235.9775
        },
        "Total Requestes": {
            "count": 18986,
            "rate": 62.636827743507816
        }
    },
    "root_group": {
        "name": "",
        "path": "",
        "id": "d41d8cd98f00b204e9800998ecf8427e",
        "groups": {},
        "checks": {}
    }
}