{
    "root_group": {
        "name": "",
        "path": "",
        "id": "d41d8cd98f00b204e9800998ecf8427e",
        "groups": {},
        "checks": {}
    },
    "metrics": {
        "vus_max": {
            "min": 500,
            "max": 500,
            "value": 500
        },
        "Total Requestes": {
            "count": 47289,
            "rate": 155.94702284836094
        },
        "Sucesso": {
            "passes": 47287,
            "fails": 2,
            "value": 0.9999577068662903
        },
        "vus": {
            "min": 11,
            "max": 500,
            "value": 11
        },
        "http_req_blocked": {
            "p(95)": 0.001,
            "avg": 36.481970479351254,
            "min": 0,
            "med": 0.001,
            "max": 4490.64,
            "p(90)": 0.001
        },
        "http_req_tls_handshaking": {
            "p(90)": 0,
            "p(95)": 0,
            "avg": 5.752854723085704,
            "min": 0,
            "med": 0,
            "max": 1269.319
        },
        "data_received": {
            "count": 26280081,
            "rate": 86664.9832342358
        },
        "http_req_receiving": {
            "avg": 0.12277793990145898,
            "min": 0.014,
            "med": 0.052,
            "max": 567.522,
            "p(90)": 0.09,
            "p(95)": 0.105
        },
        "http_req_sending": {
            "p(90)": 0.123,
            "p(95)": 0.129,
            "avg": 0.07480422508405729,
            "min": 0.017,
            "med": 0.068,
            "max": 1.842
        },
        "http_req_waiting": {
            "p(95)": 2351.7608,
            "avg": 2151.1473287868253,
            "min": 142.953,
            "med": 2102.63,
            "max": 6676.988,
            "p(90)": 2251.2234000000003
        },
        "Falhas": {
            "fails": 47287,
            "passes": 2,
            "value": 0.00004229313370974222
        },
        "http_req_connecting": {
            "avg": 9.439805768783433,
            "min": 0,
            "med": 0,
            "max": 1204.978,
            "p(90)": 0,
            "p(95)": 0
        },
        "http_req_duration": {
            "avg": 2151.344910951786,
            "min": 143.103,
            "med": 2102.771,
            "max": 6677.14,
            "p(90)": 2251.6272000000004,
            "p(95)": 2352.312
        },
        "http_req_failed": {
            "passes": 2,
            "fails": 47287,
            "value": 0.00004229313370974222
        },
        "iteration_duration": {
            "med": 3103.342455,
            "max": 9655.698578,
            "p(90)": 3271.7640866,
            "p(95)": 3382.8369623999997,
            "avg": 3188.4008757415754,
            "min": 1143.286186
        },
        "data_sent": {
            "count": 2320927,
            "rate": 7653.823424017802
        },
        "http_reqs": {
            "count": 47289,
            "rate": 155.94702284836094
        },
        "Duração": {
            "max": 6677.14,
            "p(90)": 2251.6272000000004,
            "p(95)": 2352.312,
            "avg": 2151.344910951786,
            "min": 143.103,
            "med": 2102.771
        },
        "http_req_duration{expected_response:true}": {
            "avg": 2151.427556135915,
            "min": 2096.098,
            "med": 2102.771,
            "max": 6677.14,
            "p(90)": 2251.6284,
            "p(95)": 2352.3155
        },
        "iterations": {
            "count": 47289,
            "rate": 155.94702284836094
        }
    }
}