{
    "metrics": {
        "http_req_receiving": {
            "min": 0.01,
            "med": 0.034,
            "max": 1558.227,
            "p(90)": 0.077,
            "p(95)": 0.101,
            "avg": 0.07846325178853222
        },
        "Falhas": {
            "passes": 3,
            "fails": 131949,
            "value": 0.000022735540196435067
        },
        "iteration_duration": {
            "p(90)": 1111.2319492000001,
            "p(95)": 1278.0176766,
            "avg": 1138.9434993095317,
            "min": 1095.741541,
            "med": 1101.8876725,
            "max": 8557.880694
        },
        "iterations": {
            "count": 131952,
            "rate": 433.68956921204773
        },
        "Total Requestes": {
            "count": 131952,
            "rate": 433.68956921204773
        },
        "http_req_duration": {
            "max": 5975.655,
            "p(90)": 110.15880000000003,
            "p(95)": 260.4043,
            "avg": 125.78497236116107,
            "min": 95.356,
            "med": 101.515
        },
        "http_req_blocked": {
            "avg": 12.757942782190433,
            "min": 0,
            "med": 0.001,
            "max": 7453.501,
            "p(90)": 0.001,
            "p(95)": 0.001
        },
        "data_sent": {
            "count": 5959936,
            "rate": 19588.65402852079
        },
        "vus": {
            "value": 1,
            "min": 1,
            "max": 500
        },
        "http_req_connecting": {
            "min": 0,
            "med": 0,
            "max": 327.575,
            "p(90)": 0,
            "p(95)": 0,
            "avg": 0.9633655268582526
        },
        "http_req_sending": {
            "avg": 0.051937704619856764,
            "min": 0.015,
            "med": 0.043,
            "max": 5.305,
            "p(90)": 0.089,
            "p(95)": 0.11
        },
        "data_received": {
            "count": 61759866,
            "rate": 202987.52334283522
        },
        "http_req_duration{expected_response:true}": {
            "avg": 125.78228752017769,
            "min": 95.356,
            "med": 101.515,
            "max": 5975.655,
            "p(90)": 110.1554,
            "p(95)": 260.3589999999998
        },
        "http_req_failed": {
            "passes": 3,
            "fails": 131949,
            "value": 0.000022735540196435067
        },
        "Duração": {
            "med": 101.515,
            "max": 5975.655,
            "p(90)": 110.15880000000003,
            "p(95)": 260.4043,
            "avg": 125.78497236116107,
            "min": 95.356
        },
        "Sucesso": {
            "passes": 131949,
            "fails": 3,
            "value": 0.9999772644598036
        },
        "http_reqs": {
            "rate": 433.68956921204773,
            "count": 131952
        },
        "http_req_waiting": {
            "p(90)": 109.993,
            "p(95)": 260.1850499999999,
            "avg": 125.65457140475284,
            "min": 94.404,
            "med": 101.416,
            "max": 5975.579
        },
        "http_req_tls_handshaking": {
            "min": 0,
            "med": 0,
            "max": 5110.807,
            "p(90)": 0,
            "p(95)": 0,
            "avg": 3.8402084849036027
        },
        "vus_max": {
            "value": 500,
            "min": 500,
            "max": 500
        }
    },
    "root_group": {
        "name": "",
        "path": "",
        "id": "d41d8cd98f00b204e9800998ecf8427e",
        "groups": {},
        "checks": {}
    }
}