{
    "root_group": {
        "id": "d41d8cd98f00b204e9800998ecf8427e",
        "groups": {},
        "checks": {},
        "name": "",
        "path": ""
    },
    "metrics": {
        "http_req_connecting": {
            "min": 0,
            "med": 0,
            "max": 1176.929,
            "p(90)": 0,
            "p(95)": 0,
            "avg": 4.045809506612063
        },
        "data_sent": {
            "count": 11348523,
            "rate": 37432.616973087395
        },
        "Duração": {
            "min": 96.542,
            "med": 105.506,
            "max": 6633.847,
            "p(90)": 133.572,
            "p(95)": 287.305,
            "avg": 142.7338340184908
        },
        "http_req_duration": {
            "p(90)": 133.572,
            "p(95)": 287.305,
            "avg": 142.7338340184908,
            "min": 96.542,
            "med": 105.506,
            "max": 6633.847
        },
        "data_received": {
            "count": 1080907481,
            "rate": 3565327.0226987023
        },
        "http_req_receiving": {
            "max": 561.233,
            "p(90)": 0.106,
            "p(95)": 0.132,
            "avg": 0.24687536594922113,
            "min": 0.024,
            "med": 0.063
        },
        "http_req_failed": {
            "fails": 130130,
            "passes": 11,
            "value": 0.00008452370890034655
        },
        "http_reqs": {
            "count": 130141,
            "rate": 429.2645135842406
        },
        "iteration_duration": {
            "p(90)": 1138.363265,
            "p(95)": 1300.911411,
            "avg": 1154.7627554650303,
            "min": 1096.849078,
            "med": 1105.83002,
            "max": 7637.967518
        },
        "http_req_waiting": {
            "avg": 142.4380584058837,
            "min": 96.423,
            "med": 105.376,
            "max": 6633.739,
            "p(90)": 131.144,
            "p(95)": 286.494
        },
        "http_req_tls_handshaking": {
            "max": 3050.38,
            "p(90)": 0,
            "p(95)": 0,
            "avg": 3.731548082464404,
            "min": 0,
            "med": 0
        },
        "http_req_sending": {
            "med": 0.043,
            "max": 0.843,
            "p(90)": 0.077,
            "p(95)": 0.091,
            "avg": 0.04890024665554616,
            "min": 0.018
        },
        "Total Requestes": {
            "count": 130141,
            "rate": 429.2645135842406
        },
        "vus": {
            "value": 1,
            "min": 1,
            "max": 500
        },
        "Falhas": {
            "passes": 11,
            "fails": 130130,
            "value": 0.00008452370890034655
        },
        "iterations": {
            "count": 130141,
            "rate": 429.2645135842406
        },
        "http_req_blocked": {
            "max": 5238.412,
            "p(90)": 0.001,
            "p(95)": 0.001,
            "avg": 11.683147970243452,
            "min": 0,
            "med": 0.001
        },
        "vus_max": {
            "value": 500,
            "min": 500,
            "max": 500
        },
        "Sucesso": {
            "passes": 130130,
            "fails": 11,
            "value": 0.9999154762910997
        },
        "http_req_duration{expected_response:true}": {
            "avg": 142.72684178129876,
            "min": 96.542,
            "med": 105.506,
            "max": 6633.847,
            "p(90)": 133.52870000000004,
            "p(95)": 287.17074999999994
        }
    }
}