{
    "root_group": {
        "checks": {},
        "name": "",
        "path": "",
        "id": "d41d8cd98f00b204e9800998ecf8427e",
        "groups": {}
    },
    "metrics": {
        "vus_max": {
            "min": 200,
            "max": 200,
            "value": 200
        },
        "http_req_failed": {
            "passes": 1,
            "fails": 53579,
            "value": 0.00001866368047779022
        },
        "data_received": {
            "rate": 82985.55537989047,
            "count": 25061234
        },
        "http_req_duration{expected_response:true}": {
            "min": 95.658,
            "med": 101.483,
            "max": 4657.855,
            "p(90)": 105.025,
            "p(95)": 145.91899999999993,
            "avg": 115.21698357565599
        },
        "http_req_duration": {
            "min": 95.658,
            "med": 101.483,
            "max": 4657.855,
            "p(90)": 105.025,
            "p(95)": 145.91649999999976,
            "avg": 115.2174354983216
        },
        "http_req_tls_handshaking": {
            "min": 0,
            "med": 0,
            "max": 993.077,
            "p(90)": 0,
            "p(95)": 0,
            "avg": 1.4231955580440463
        },
        "http_req_receiving": {
            "p(95)": 0.099,
            "avg": 0.08353004852556936,
            "min": 0.013,
            "med": 0.054,
            "max": 538.821,
            "p(90)": 0.089
        },
        "Duração": {
            "p(95)": 145.91649999999976,
            "avg": 115.2174354983216,
            "min": 95.658,
            "med": 101.483,
            "max": 4657.855,
            "p(90)": 105.025
        },
        "Total Requestes": {
            "count": 53580,
            "rate": 177.42007665123478
        },
        "Falhas": {
            "passes": 1,
            "fails": 53579,
            "value": 0.00001866368047779022
        },
        "iteration_duration": {
            "p(90)": 1106.1006242,
            "p(95)": 1162.2099789999993,
            "avg": 1121.7728178856812,
            "min": 1095.874267,
            "med": 1102.0614315,
            "max": 5658.13494
        },
        "vus": {
            "max": 200,
            "value": 15,
            "min": 15
        },
        "http_req_blocked": {
            "avg": 5.856844923471252,
            "min": 0,
            "med": 0.001,
            "max": 2196.697,
            "p(90)": 0.001,
            "p(95)": 0.001
        },
        "http_req_connecting": {
            "max": 159.425,
            "p(90)": 0,
            "p(95)": 0,
            "avg": 0.47589626726390477,
            "min": 0,
            "med": 0
        },
        "iterations": {
            "count": 53580,
            "rate": 177.42007665123478
        },
        "http_reqs": {
            "count": 53580,
            "rate": 177.42007665123478
        },
        "http_req_sending": {
            "max": 1.304,
            "p(90)": 0.124,
            "p(95)": 0.129,
            "avg": 0.07830587905934978,
            "min": 0.015,
            "med": 0.074
        },
        "Sucesso": {
            "passes": 53579,
            "fails": 1,
            "value": 0.9999813363195222
        },
        "data_sent": {
            "count": 2418340,
            "rate": 8007.877345441343
        },
        "http_req_waiting": {
            "max": 4657.73,
            "p(90)": 104.878,
            "p(95)": 145.78994999999975,
            "avg": 115.05559957073442,
            "min": 95.58,
            "med": 101.352
        }
    }
}