{
    "metrics": {
        "http_reqs": {
            "count": 26986,
            "rate": 89.63597775167672
        },
        "http_req_duration": {
            "max": 4275.028,
            "p(90)": 106.399,
            "p(95)": 137.8745,
            "avg": 111.09735325724303,
            "min": 95.947,
            "med": 101.1605
        },
        "http_req_waiting": {
            "p(95)": 137.3715,
            "avg": 110.9097830727046,
            "min": 95.838,
            "med": 101.03,
            "max": 4274.913,
            "p(90)": 106.279
        },
        "http_req_tls_handshaking": {
            "min": 0,
            "med": 0,
            "max": 374.557,
            "p(90)": 0,
            "p(95)": 0,
            "avg": 1.332605980878975
        },
        "http_req_failed": {
            "passes": 0,
            "fails": 26986,
            "value": 0
        },
        "data_sent": {
            "count": 1217598,
            "rate": 4044.3410375189383
        },
        "data_received": {
            "count": 12618342,
            "rate": 41912.748194435924
        },
        "iteration_duration": {
            "max": 5275.293679,
            "p(90)": 1107.5389865,
            "p(95)": 1159.21978675,
            "avg": 1113.7575313984703,
            "min": 1096.097044,
            "med": 1101.910165
        },
        "http_req_duration{expected_response:true}": {
            "max": 4275.028,
            "p(90)": 106.399,
            "p(95)": 137.8745,
            "avg": 111.09735325724303,
            "min": 95.947,
            "med": 101.1605
        },
        "Sucesso": {
            "passes": 26986,
            "fails": 0,
            "value": 1
        },
        "vus": {
            "min": 6,
            "max": 100,
            "value": 6
        },
        "vus_max": {
            "value": 100,
            "min": 100,
            "max": 100
        },
        "http_req_blocked": {
            "med": 0.001,
            "max": 511.439,
            "p(90)": 0.001,
            "p(95)": 0.001,
            "avg": 1.8101554880286745,
            "min": 0
        },
        "http_req_connecting": {
            "p(90)": 0,
            "p(95)": 0,
            "avg": 0.43585818572593177,
            "min": 0,
            "med": 0,
            "max": 136.946
        },
        "Duração": {
            "p(95)": 137.8745,
            "avg": 111.09735325724303,
            "min": 95.947,
            "med": 101.1605,
            "max": 4275.028,
            "p(90)": 106.399
        },
        "http_req_receiving": {
            "p(95)": 0.118,
            "avg": 0.1134692803675972,
            "min": 0.014,
            "med": 0.049,
            "max": 436.936,
            "p(90)": 0.09
        },
        "Falhas": {
            "passes": 0,
            "fails": 26986,
            "value": 0
        },
        "Total Requestes": {
            "count": 26986,
            "rate": 89.63597775167672
        },
        "http_req_sending": {
            "p(90)": 0.122,
            "p(95)": 0.127,
            "avg": 0.07410090417253443,
            "min": 0.019,
            "med": 0.066,
            "max": 1.016
        },
        "iterations": {
            "count": 26986,
            "rate": 89.63597775167672
        }
    },
    "root_group": {
        "path": "",
        "id": "d41d8cd98f00b204e9800998ecf8427e",
        "groups": {},
        "checks": {},
        "name": ""
    }
}