{
    "root_group": {
        "groups": {},
        "checks": {},
        "name": "",
        "path": "",
        "id": "d41d8cd98f00b204e9800998ecf8427e"
    },
    "metrics": {
        "http_req_connecting": {
            "med": 0,
            "max": 145.681,
            "p(90)": 0,
            "p(95)": 0,
            "avg": 0.45916307089875374,
            "min": 0
        },
        "http_req_sending": {
            "min": 0.016,
            "med": 0.062,
            "max": 0.785,
            "p(90)": 0.123,
            "p(95)": 0.128,
            "avg": 0.07032079521066366
        },
        "vus_max": {
            "value": 100,
            "min": 100,
            "max": 100
        },
        "Falhas": {
            "passes": 0,
            "fails": 26559,
            "value": 0
        },
        "data_received": {
            "count": 220596915,
            "rate": 725203.8813809567
        },
        "http_req_duration{expected_response:true}": {
            "avg": 120.50066500997801,
            "min": 96.48,
            "med": 103.585,
            "max": 4353.534,
            "p(90)": 112.9188,
            "p(95)": 177.12849999999995
        },
        "iteration_duration": {
            "max": 5353.947241,
            "p(90)": 1113.7917254,
            "p(95)": 1191.8700542,
            "avg": 1131.881023538502,
            "min": 1096.642014,
            "med": 1104.199805
        },
        "Total Requestes": {
            "count": 26559,
            "rate": 87.31169194091781
        },
        "Sucesso": {
            "passes": 26559,
            "fails": 0,
            "value": 1
        },
        "http_req_duration": {
            "med": 103.585,
            "max": 4353.534,
            "p(90)": 112.9188,
            "p(95)": 177.12849999999995,
            "avg": 120.50066500997801,
            "min": 96.48
        },
        "http_req_failed": {
            "passes": 0,
            "fails": 26559,
            "value": 0
        },
        "data_sent": {
            "count": 2314915,
            "rate": 7610.194109319242
        },
        "http_req_tls_handshaking": {
            "p(95)": 0,
            "avg": 1.1724580368236748,
            "min": 0,
            "med": 0,
            "max": 328.153,
            "p(90)": 0
        },
        "Duração": {
            "avg": 120.50066500997801,
            "min": 96.48,
            "med": 103.585,
            "max": 4353.534,
            "p(90)": 112.9188,
            "p(95)": 177.12849999999995
        },
        "http_req_blocked": {
            "avg": 10.768224330728739,
            "min": 0,
            "med": 0.001,
            "max": 2866.863,
            "p(90)": 0.001,
            "p(95)": 0.001
        },
        "iterations": {
            "count": 26559,
            "rate": 87.31169194091781
        },
        "http_req_receiving": {
            "avg": 0.31127124515230237,
            "min": 0.03,
            "med": 0.08,
            "max": 462.171,
            "p(90)": 0.159,
            "p(95)": 0.187
        },
        "vus": {
            "value": 1,
            "min": 1,
            "max": 100
        },
        "http_reqs": {
            "rate": 87.31169194091781,
            "count": 26559
        },
        "http_req_waiting": {
            "p(90)": 112.536,
            "p(95)": 175.05149999999995,
            "avg": 120.11907296961567,
            "min": 96.352,
            "med": 103.332,
            "max": 4353.436
        }
    }
}