{
    "metrics": {
        "Total Requestes": {
            "count": 52527,
            "rate": 174.37801630321414
        },
        "data_sent": {
            "count": 4579595,
            "rate": 15203.241981687856
        },
        "vus": {
            "min": 17,
            "max": 200,
            "value": 17
        },
        "http_req_sending": {
            "avg": 0.06866822776857584,
            "min": 0.019,
            "med": 0.059,
            "max": 12.396,
            "p(90)": 0.118,
            "p(95)": 0.126
        },
        "http_req_blocked": {
            "min": 0,
            "med": 0.001,
            "max": 2167.9,
            "p(90)": 0.001,
            "p(95)": 0.001,
            "avg": 5.90875749613803
        },
        "http_req_connecting": {
            "avg": 0.4778200925238451,
            "min": 0,
            "med": 0,
            "max": 157.177,
            "p(90)": 0,
            "p(95)": 0
        },
        "iteration_duration": {
            "med": 1105.097731,
            "max": 6513.842445,
            "p(90)": 1142.8598466,
            "p(95)": 1295.0240248999999,
            "avg": 1144.5008899574589,
            "min": 1096.791694
        },
        "http_req_duration{expected_response:true}": {
            "p(90)": 139.65120000000005,
            "p(95)": 285.3166999999998,
            "avg": 138.08079787537733,
            "min": 96.569,
            "med": 104.592,
            "max": 5513.441
        },
        "Sucesso": {
            "passes": 52527,
            "fails": 0,
            "value": 1
        },
        "Duração": {
            "avg": 138.0807978753773,
            "min": 96.569,
            "med": 104.592,
            "max": 5513.441,
            "p(90)": 139.65120000000005,
            "p(95)": 285.3166999999998
        },
        "vus_max": {
            "value": 200,
            "min": 200,
            "max": 200
        },
        "http_req_failed": {
            "passes": 0,
            "fails": 52527,
            "value": 0
        },
        "http_reqs": {
            "count": 52527,
            "rate": 174.37801630321414
        },
        "Falhas": {
            "passes": 0,
            "fails": 52527,
            "value": 0
        },
        "http_req_receiving": {
            "avg": 0.29000121842099885,
            "min": 0.029,
            "med": 0.079,
            "max": 111.679,
            "p(90)": 0.154,
            "p(95)": 0.181
        },
        "iterations": {
            "count": 52527,
            "rate": 174.37801630321414
        },
        "http_req_tls_handshaking": {
            "min": 0,
            "med": 0,
            "max": 1019.131,
            "p(90)": 0,
            "p(95)": 0,
            "avg": 1.5555743141622407
        },
        "data_received": {
            "rate": 1448410.8031747455,
            "count": 436297395
        },
        "http_req_waiting": {
            "max": 5513.247,
            "p(90)": 137.26420000000013,
            "p(95)": 284.83699999999965,
            "avg": 137.72212842918827,
            "min": 96.382,
            "med": 104.361
        },
        "http_req_duration": {
            "max": 5513.441,
            "p(90)": 139.65120000000005,
            "p(95)": 285.3166999999998,
            "avg": 138.08079787537733,
            "min": 96.569,
            "med": 104.592
        }
    },
    "root_group": {
        "groups": {},
        "checks": {},
        "name": "",
        "path": "",
        "id": "d41d8cd98f00b204e9800998ecf8427e"
    }
}