{
    "root_group": {
        "name": "",
        "path": "",
        "id": "d41d8cd98f00b204e9800998ecf8427e",
        "groups": {},
        "checks": {}
    },
    "metrics": {
        "Sucesso": {
            "passes": 8934,
            "fails": 0,
            "value": 1
        },
        "http_req_duration": {
            "avg": 786.2390888739674,
            "min": 96.093,
            "med": 105.0375,
            "max": 3366.606,
            "p(90)": 2106.405,
            "p(95)": 2128.6036
        },
        "http_req_duration{expected_response:true}": {
            "med": 105.0375,
            "max": 3366.606,
            "p(90)": 2106.405,
            "p(95)": 2128.6036,
            "avg": 786.2390888739674,
            "min": 96.093
        },
        "http_req_tls_handshaking": {
            "avg": 1.3068205730915605,
            "min": 0,
            "med": 0,
            "max": 362.559,
            "p(90)": 0,
            "p(95)": 0
        },
        "Duração": {
            "min": 2290.746,
            "med": 2312.1015,
            "max": 5594.501,
            "p(90)": 2500.2383,
            "p(95)": 2575.9162499999998,
            "avg": 2358.717266621887
        },
        "http_req_sending": {
            "p(90)": 0.096,
            "p(95)": 0.115,
            "avg": 0.06222752033430456,
            "min": 0.02,
            "med": 0.054,
            "max": 1.926
        },
        "iterations": {
            "count": 8934,
            "rate": 29.46148656567095
        },
        "http_req_failed": {
            "passes": 0,
            "fails": 26802,
            "value": 0
        },
        "vus": {
            "value": 6,
            "min": 6,
            "max": 100
        },
        "http_reqs": {
            "count": 26802,
            "rate": 88.38445969701284
        },
        "http_req_connecting": {
            "avg": 0.4242319976121182,
            "min": 0,
            "med": 0,
            "max": 126.793,
            "p(90)": 0,
            "p(95)": 0
        },
        "http_req_waiting": {
            "avg": 785.6857322214802,
            "min": 95.86,
            "med": 104.3355,
            "max": 3366.487,
            "p(90)": 2104.999,
            "p(95)": 2128.0517
        },
        "http_req_receiving": {
            "avg": 0.4911291321543178,
            "min": 0.016,
            "med": 0.068,
            "max": 175.982,
            "p(90)": 0.214,
            "p(95)": 2.6264999999999707
        },
        "data_received": {
            "count": 83257638,
            "rate": 274557.17298259406
        },
        "Total Requestes": {
            "count": 8934,
            "rate": 29.46148656567095
        },
        "data_sent": {
            "count": 1595348,
            "rate": 5260.949593638909
        },
        "Falhas": {
            "passes": 0,
            "fails": 8934,
            "value": 0
        },
        "iteration_duration": {
            "p(95)": 3588.8832921,
            "avg": 3376.374919757435,
            "min": 3292.027375,
            "med": 3313.3034795000003,
            "max": 6595.206582,
            "p(90)": 3506.2981257
        },
        "vus_max": {
            "max": 100,
            "value": 100,
            "min": 100
        },
        "http_req_blocked": {
            "p(95)": 0.001,
            "avg": 5.512250018649542,
            "min": 0,
            "med": 0.001,
            "max": 1497.145,
            "p(90)": 0.001
        }
    }
}