{
    "root_group": {
        "checks": {},
        "name": "",
        "path": "",
        "id": "d41d8cd98f00b204e9800998ecf8427e",
        "groups": {}
    },
    "metrics": {
        "http_req_tls_handshaking": {
            "med": 0,
            "max": 1781.743,
            "p(90)": 0,
            "p(95)": 0,
            "avg": 2.2567662696209148,
            "min": 0
        },
        "Duração": {
            "p(90)": 2548.8000000000006,
            "p(95)": 2646.219,
            "avg": 2493.0514199535796,
            "min": 251.78699999999998,
            "med": 2322.136,
            "max": 60521.282999999996
        },
        "iteration_duration": {
            "p(90)": 3563.2949576000005,
            "p(95)": 3683.0444702,
            "avg": 3534.608990914132,
            "min": 1252.143375,
            "med": 3322.817634,
            "max": 61521.6657
        },
        "http_req_blocked": {
            "max": 4487.099,
            "p(90)": 0.001,
            "p(95)": 0.001,
            "avg": 13.643096581406274,
            "min": 0,
            "med": 0.001
        },
        "http_reqs": {
            "count": 127861,
            "rate": 421.4366752230124
        },
        "data_received": {
            "count": 396889239,
            "rate": 1308168.0990759616
        },
        "vus": {
            "value": 30,
            "min": 30,
            "max": 500
        },
        "http_req_sending": {
            "med": 0.047,
            "max": 4.581,
            "p(90)": 0.09,
            "p(95)": 0.101,
            "avg": 0.05454830636394013,
            "min": 0.018
        },
        "Sucesso": {
            "passes": 42499,
            "fails": 170,
            "value": 0.9960158428835924
        },
        "vus_max": {
            "max": 500,
            "value": 500,
            "min": 500
        },
        "http_req_connecting": {
            "max": 1213.002,
            "p(90)": 0,
            "p(95)": 0,
            "avg": 3.4871690038401053,
            "min": 0,
            "med": 0
        },
        "http_req_duration": {
            "min": 96.019,
            "med": 108.952,
            "max": 60004.21,
            "p(90)": 2110.696,
            "p(95)": 2138.375,
            "avg": 831.9660493661122
        },
        "http_req_waiting": {
            "p(90)": 2109.804,
            "p(95)": 2137.489,
            "avg": 831.2716818028925,
            "min": 95.611,
            "med": 108.406,
            "max": 60004.08
        },
        "http_req_receiving": {
            "med": 0.058,
            "max": 465.247,
            "p(90)": 0.746,
            "p(95)": 3.323,
            "avg": 0.6398192568491997,
            "min": 0
        },
        "http_req_failed": {
            "fails": 127691,
            "passes": 170,
            "value": 0.001329568828649862
        },
        "http_req_duration{expected_response:true}": {
            "avg": 798.3833500246725,
            "min": 96.019,
            "med": 108.925,
            "max": 7106.951,
            "p(90)": 2110.601,
            "p(95)": 2134.1800000000003
        },
        "data_sent": {
            "count": 7625522,
            "rate": 25134.12720469835
        },
        "Falhas": {
            "passes": 170,
            "fails": 42499,
            "value": 0.003984157116407696
        },
        "iterations": {
            "count": 42669,
            "rate": 140.63929966988147
        },
        "Total Requestes": {
            "count": 42669,
            "rate": 140.63929966988147
        }
    }
}