{
    "root_group": {
        "name": "",
        "path": "",
        "id": "d41d8cd98f00b204e9800998ecf8427e",
        "groups": {},
        "checks": {}
    },
    "metrics": {
        "http_req_duration": {
            "avg": 793.7738243324537,
            "min": 95.433,
            "med": 105.497,
            "max": 6059.579,
            "p(90)": 2106.6037,
            "p(95)": 2129.6768500000003
        },
        "http_req_waiting": {
            "min": 95.373,
            "med": 105.11,
            "max": 6059.379,
            "p(90)": 2105.9517,
            "p(95)": 2129.5285,
            "avg": 793.3610862470408
        },
        "http_req_duration{expected_response:true}": {
            "max": 6059.579,
            "p(90)": 2106.6043,
            "p(95)": 2129.68615,
            "avg": 793.7606657339335,
            "min": 95.433,
            "med": 105.494
        },
        "http_req_sending": {
            "avg": 0.06233342096368339,
            "min": 0.019,
            "med": 0.053,
            "max": 10.861,
            "p(90)": 0.101,
            "p(95)": 0.118
        },
        "http_req_failed": {
            "passes": 6,
            "fails": 53248,
            "value": 0.00011266759304465392
        },
        "Sucesso": {
            "passes": 17746,
            "fails": 6,
            "value": 0.9996620099143758
        },
        "data_received": {
            "count": 165430908,
            "rate": 545328.0388423594
        },
        "http_req_connecting": {
            "p(95)": 0,
            "avg": 0.489373267735757,
            "min": 0,
            "med": 0,
            "max": 162.456,
            "p(90)": 0
        },
        "Falhas": {
            "passes": 6,
            "fails": 17746,
            "value": 0.00033799008562415505
        },
        "http_reqs": {
            "count": 53254,
            "rate": 175.54699863287343
        },
        "http_req_tls_handshaking": {
            "max": 1160.804,
            "p(90)": 0,
            "p(95)": 0,
            "avg": 1.4941300184023731,
            "min": 0,
            "med": 0
        },
        "Total Requestes": {
            "count": 17752,
            "rate": 58.517863817380274
        },
        "Duração": {
            "p(90)": 2529.3388,
            "p(95)": 2615.1214,
            "avg": 2381.232043769726,
            "min": 352.829,
            "med": 2313.5125,
            "max": 8528.872000000001
        },
        "data_sent": {
            "count": 3170615,
            "rate": 10451.64583074263
        },
        "vus_max": {
            "min": 200,
            "max": 200,
            "value": 200
        },
        "http_req_receiving": {
            "min": 0.014,
            "med": 0.063,
            "max": 446.41,
            "p(90)": 0.16,
            "p(95)": 0.339,
            "avg": 0.35040466443836066
        },
        "iteration_duration": {
            "avg": 3399.683468618869,
            "min": 1353.492042,
            "med": 3314.5038635,
            "max": 9529.439131,
            "p(90)": 3542.3827472999997,
            "p(95)": 3639.6965893
        },
        "iterations": {
            "count": 17752,
            "rate": 58.517863817380274
        },
        "vus": {
            "value": 23,
            "min": 23,
            "max": 200
        },
        "http_req_blocked": {
            "min": 0,
            "med": 0.001,
            "max": 2339.019,
            "p(90)": 0.001,
            "p(95)": 0.001,
            "avg": 5.86357471738565
        }
    }
}