{
    "root_group": {
        "name": "",
        "path": "",
        "id": "d41d8cd98f00b204e9800998ecf8427e",
        "groups": {},
        "checks": {}
    },
    "metrics": {
        "http_req_connecting": {
            "p(95)": 0,
            "avg": 0.557321565994855,
            "min": 0,
            "med": 0,
            "max": 1056.769,
            "p(90)": 0
        },
        "Duração": {
            "p(95)": 312.646,
            "avg": 122.1514521005675,
            "min": 91.88,
            "med": 95.487,
            "max": 3776.39,
            "p(90)": 170.54539999999994
        },
        "Total Requestes": {
            "count": 266642,
            "rate": 884.4571716337235
        },
        "Falhas": {
            "passes": 17,
            "fails": 266625,
            "value": 0.0000637558974205114
        },
        "vus_max": {
            "value": 1000,
            "min": 1000,
            "max": 1000
        },
        "http_req_duration": {
            "med": 95.487,
            "max": 3776.39,
            "p(90)": 170.54539999999994,
            "p(95)": 312.646,
            "avg": 122.15145210056751,
            "min": 91.88
        },
        "http_req_blocked": {
            "min": 0,
            "med": 0,
            "max": 5977.599,
            "p(90)": 0.001,
            "p(95)": 0.001,
            "avg": 4.618036914639059
        },
        "data_received": {
            "rate": 411115.77926563873,
            "count": 123941257
        },
        "http_reqs": {
            "count": 266642,
            "rate": 884.4571716337235
        },
        "vus": {
            "value": 100,
            "min": 100,
            "max": 1000
        },
        "http_req_sending": {
            "avg": 0.040668698104584906,
            "min": 0.015,
            "med": 0.035,
            "max": 5.387,
            "p(90)": 0.051,
            "p(95)": 0.065
        },
        "http_req_failed": {
            "passes": 17,
            "fails": 266625,
            "value": 0.0000637558974205114
        },
        "Sucesso": {
            "passes": 266625,
            "fails": 17,
            "value": 0.9999362441025795
        },
        "iterations": {
            "count": 266642,
            "rate": 884.4571716337235
        },
        "data_sent": {
            "rate": 39928.994516997096,
            "count": 12037606
        },
        "http_req_tls_handshaking": {
            "avg": 3.8431635263761907,
            "min": 0,
            "med": 0,
            "max": 5801.103,
            "p(90)": 0,
            "p(95)": 0
        },
        "iteration_duration": {
            "min": 1092.085972,
            "med": 1095.7925715,
            "max": 7071.942978,
            "p(90)": 1179.4059505,
            "p(95)": 1323.1614143499999,
            "avg": 1127.0969924234269
        },
        "http_req_duration{expected_response:true}": {
            "max": 3776.39,
            "p(90)": 170.5016000000002,
            "p(95)": 312.5994,
            "avg": 122.14487410407693,
            "min": 91.88,
            "med": 95.487
        },
        "http_req_receiving": {
            "avg": 0.3337108932575307,
            "min": 0.011,
            "med": 0.029,
            "max": 744.602,
            "p(90)": 0.456,
            "p(95)": 0.682
        },
        "http_req_waiting": {
            "max": 3776.26,
            "p(90)": 168.12869999999998,
            "p(95)": 311.51489999999995,
            "avg": 121.77707250920704,
            "min": 91.298,
            "med": 95.332
        }
    }
}