{
    "root_group": {
        "name": "",
        "path": "",
        "id": "d41d8cd98f00b204e9800998ecf8427e",
        "groups": {},
        "checks": {}
    },
    "metrics": {
        "Falhas": {
            "passes": 36,
            "fails": 535481,
            "value": 0.0000672247566370442
        },
        "http_req_failed": {
            "passes": 36,
            "fails": 535481,
            "value": 0.0000672247566370442
        },
        "Duração": {
            "avg": 116.52376591592713,
            "min": 91.758,
            "med": 95.197,
            "max": 2323.823,
            "p(90)": 130.30040000000025,
            "p(95)": 283.5131999999999
        },
        "http_req_waiting": {
            "max": 2323.774,
            "p(90)": 129.67940000000002,
            "p(95)": 282.75519999999995,
            "avg": 116.27379086938564,
            "min": 80.491,
            "med": 95.013
        },
        "data_received": {
            "rate": 825066.4690097886,
            "count": 248873520
        },
        "http_req_blocked": {
            "p(90)": 0.001,
            "p(95)": 0.001,
            "avg": 5.518034549847491,
            "min": 0,
            "med": 0,
            "max": 6144.477
        },
        "http_req_receiving": {
            "p(90)": 0.429,
            "p(95)": 0.69,
            "avg": 0.21345340484043232,
            "min": 0.011,
            "med": 0.026,
            "max": 786.074
        },
        "http_req_duration": {
            "max": 2323.823,
            "p(90)": 130.30040000000025,
            "p(95)": 283.5131999999999,
            "avg": 116.52376591592713,
            "min": 91.758,
            "med": 95.197
        },
        "http_req_connecting": {
            "min": 0,
            "med": 0,
            "max": 2505.322,
            "p(90)": 0,
            "p(95)": 0,
            "avg": 2.110649069964165
        },
        "iteration_duration": {
            "med": 1095.450797,
            "max": 7239.066974,
            "p(90)": 1136.0856676,
            "p(95)": 1292.5924712,
            "avg": 1122.3143586167955,
            "min": 1091.949248
        },
        "iterations": {
            "rate": 1775.3480574579207,
            "count": 535517
        },
        "http_req_tls_handshaking": {
            "med": 0,
            "max": 5981.525,
            "p(90)": 0,
            "p(95)": 0,
            "avg": 3.2529195450377903,
            "min": 0
        },
        "vus_max": {
            "max": 2000,
            "value": 2000,
            "min": 2000
        },
        "http_req_sending": {
            "avg": 0.03652164170322942,
            "min": 0.015,
            "med": 0.033,
            "max": 12.797,
            "p(90)": 0.045,
            "p(95)": 0.057
        },
        "http_reqs": {
            "count": 535517,
            "rate": 1775.3480574579207
        },
        "http_req_duration{expected_response:true}": {
            "avg": 116.52080634793673,
            "min": 91.758,
            "med": 95.197,
            "max": 2323.823,
            "p(90)": 130.274,
            "p(95)": 283.498
        },
        "data_sent": {
            "count": 24171315,
            "rate": 80132.83823193941
        },
        "Total Requestes": {
            "count": 535517,
            "rate": 1775.3480574579207
        },
        "Sucesso": {
            "passes": 535481,
            "fails": 36,
            "value": 0.999932775243363
        },
        "vus": {
            "min": 179,
            "max": 2000,
            "value": 179
        }
    }
}