{
    "root_group": {
        "name": "",
        "path": "",
        "id": "d41d8cd98f00b204e9800998ecf8427e",
        "groups": {},
        "checks": {}
    },
    "metrics": {
        "http_req_receiving": {
            "p(95)": 0.677,
            "avg": 0.3006912519118045,
            "min": 0.01,
            "med": 0.024,
            "max": 5343.632,
            "p(90)": 0.226
        },
        "http_req_sending": {
            "avg": 0.05218683917951732,
            "min": 0.015,
            "med": 0.031,
            "max": 168.416,
            "p(90)": 0.05,
            "p(95)": 0.082
        },
        "Falhas": {
            "passes": 176,
            "fails": 1319301,
            "value": 0.0001333861825556641
        },
        "Duração": {
            "max": 9460.823,
            "p(90)": 130.035,
            "p(95)": 328.2132,
            "avg": 126.72621935054705,
            "min": 91.897,
            "med": 97.342
        },
        "http_req_tls_handshaking": {
            "p(90)": 0,
            "p(95)": 0,
            "avg": 6.926180538955969,
            "min": 0,
            "med": 0,
            "max": 13549.248
        },
        "vus": {
            "max": 5000,
            "value": 435,
            "min": 435
        },
        "iterations": {
            "count": 1319477,
            "rate": 4379.028149706658
        },
        "http_req_waiting": {
            "min": 0,
            "med": 97.198,
            "max": 9460.72,
            "p(90)": 128.178,
            "p(95)": 327.14019999999994,
            "avg": 126.37334125945777
        },
        "http_req_duration": {
            "p(95)": 328.2132,
            "avg": 126.72621935054708,
            "min": 91.897,
            "med": 97.342,
            "max": 9460.823,
            "p(90)": 130.035
        },
        "iteration_duration": {
            "min": 1092.1742,
            "med": 1097.656714,
            "max": 16536.382267,
            "p(90)": 1138.2733554000004,
            "p(95)": 1340.746694,
            "avg": 1138.2819981666457
        },
        "data_sent": {
            "count": 59597847,
            "rate": 197790.98057405357
        },
        "http_req_blocked": {
            "p(95)": 0.001,
            "avg": 10.852050393505062,
            "min": 0,
            "med": 0,
            "max": 15437.11,
            "p(90)": 0.001
        },
        "Total Requestes": {
            "count": 1319477,
            "rate": 4379.028149706658
        },
        "http_req_connecting": {
            "min": 0,
            "med": 0,
            "max": 3607.592,
            "p(90)": 0,
            "p(95)": 0,
            "avg": 2.98286847743462
        },
        "vus_max": {
            "value": 5000,
            "min": 5000,
            "max": 5000
        },
        "http_req_duration{expected_response:true}": {
            "avg": 126.71387040713334,
            "min": 91.897,
            "med": 97.341,
            "max": 9460.823,
            "p(90)": 129.958,
            "p(95)": 328.12
        },
        "Sucesso": {
            "passes": 1319301,
            "fails": 176,
            "value": 0.9998666138174443
        },
        "data_received": {
            "count": 613588540,
            "rate": 2036353.410478098
        },
        "http_req_failed": {
            "fails": 1319301,
            "passes": 176,
            "value": 0.0001333861825556641
        },
        "http_reqs": {
            "count": 1319477,
            "rate": 4379.028149706658
        }
    }
}