Type,Name,Request Count,Failure Count,Median Response Time,Average Response Time,Min Response Time,Max Response Time,Average Content Size,Requests/s,Failures/s,50%,66%,75%,80%,90%,95%,98%,99%,99.9%,99.99%,100%
GET,/image,212673,20,1100.0,1331.9721545644782,98.09539599999084,41547.598087,10567.01764680989,708.8005629738387,0.06665637508981759,1100,1200,1300,1300,1600,1800,2300,4400,34000,41000,42000
,Aggregated,212673,20,1100.0,1331.9721545644782,98.09539599999084,41547.598087,10567.01764680989,708.8005629738387,0.06665637508981759,1100,1200,1300,1300,1600,1800,2300,4400,34000,41000,42000
