Type,Name,Request Count,Failure Count,Median Response Time,Average Response Time,Min Response Time,Max Response Time,Average Content Size,Requests/s,Failures/s,50%,66%,75%,80%,90%,95%,98%,99%,99.9%,99.99%,100%
GET,/get,126135,349,110.0,174.6867299298452,96.98528399999873,60125.838598,311.5016450628295,421.54908125201,1.1663743557058033,110,110,120,120,150,220,380,830,10000,10000,60000
,Aggregated,126135,349,110.0,174.6867299298452,96.98528399999873,60125.838598,311.5016450628295,421.54908125201,1.1663743557058033,110,110,120,120,150,220,380,830,10000,10000,60000
