Type,Name,Request Count,Failure Count,Median Response Time,Average Response Time,Min Response Time,Max Response Time,Average Content Size,Requests/s,Failures/s,50%,66%,75%,80%,90%,95%,98%,99%,99.9%,99.99%,100%
GET,/image,52709,0,100,135.78609697873185,97.22807500000386,5873.804702000001,10568.0,176.19280628295726,0.0,100,100,110,110,110,210,350,450,3700,5100,5900
,Aggregated,52709,0,100,135.78609697873185,97.22807500000386,5873.804702000001,10568.0,176.19280628295726,0.0,100,100,110,110,110,210,350,450,3700,5100,5900
