Type,Name,Request Count,Failure Count,Median Response Time,Average Response Time,Min Response Time,Max Response Time,Average Content Size,Requests/s,Failures/s,50%,66%,75%,80%,90%,95%,98%,99%,99.9%,99.99%,100%
GET,/image,128432,1,110.0,160.42260820260353,97.87579400000368,7550.700346000001,10567.918665130186,429.24949489623157,0.0033422316470679545,110,110,110,110,170,260,400,780,6500,7300,7600
,Aggregated,128432,1,110.0,160.42260820260353,97.87579400000368,7550.700346000001,10567.918665130186,429.24949489623157,0.0033422316470679545,110,110,110,110,170,260,400,780,6500,7300,7600
