{
    "root_group": {
        "id": "d41d8cd98f00b204e9800998ecf8427e",
        "groups": {},
        "checks": {},
        "name": "",
        "path": ""
    },
    "metrics": {
        "http_reqs": {
            "count": 80261,
            "rate": 443.4141825800616
        },
        "data_received": {
            "count": 32136282,
            "rate": 177541.8100222069
        },
        "vus": {
            "value": 1,
            "min": 1,
            "max": 500
        },
        "Falhas": {
            "passes": 320,
            "fails": 79941,
            "value": 0.003986992437173721
        },
        "iterations": {
            "rate": 443.4141825800616,
            "count": 80261
        },
        "http_req_duration{expected_response:true}": {
            "avg": 124.2223191353642,
            "min": 1.349,
            "med": 17.108,
            "max": 2958.7,
            "p(90)": 351.762,
            "p(95)": 652.722
        },
        "http_req_waiting": {
            "avg": 123.69960000498334,
            "min": 0,
            "med": 16.916,
            "max": 2958.535,
            "p(90)": 349.992,
            "p(95)": 650.234
        },
        "http_req_failed": {
            "passes": 320,
            "fails": 79941,
            "value": 0.003986992437173721
        },
        "iteration_duration": {
            "avg": 1124.4722545305272,
            "min": 1001.57145,
            "med": 1017.743112,
            "max": 3959.275485,
            "p(90)": 1350.81387,
            "p(95)": 1650.56962
        },
        "http_req_sending": {
            "avg": 0.01989861825793399,
            "min": 0,
            "med": 0.01,
            "max": 21.444,
            "p(90)": 0.017,
            "p(95)": 0.022
        },
        "Total Requestes": {
            "count": 80261,
            "rate": 443.4141825800616
        },
        "http_req_connecting": {
            "avg": 0.1583373992349957,
            "min": 0,
            "med": 0,
            "max": 120.066,
            "p(90)": 0,
            "p(95)": 0
        },
        "Sucesso": {
            "passes": 79941,
            "fails": 320,
            "value": 0.9960130075628263
        },
        "data_sent": {
            "count": 6258642,
            "rate": 34576.82593652262
        },
        "http_req_tls_handshaking": {
            "p(95)": 0,
            "avg": 0,
            "min": 0,
            "med": 0,
            "max": 0,
            "p(90)": 0
        },
        "http_req_receiving": {
            "p(95)": 0.09,
            "avg": 0.0509250196234757,
            "min": 0,
            "med": 0.031,
            "max": 44.647,
            "p(90)": 0.053
        },
        "http_req_duration": {
            "avg": 123.77042364286704,
            "min": 0,
            "med": 16.991,
            "max": 2958.7,
            "p(90)": 350.217,
            "p(95)": 650.302
        },
        "http_req_blocked": {
            "avg": 0.19326672979450948,
            "min": 0,
            "med": 0.003,
            "max": 120.126,
            "p(90)": 0.004,
            "p(95)": 0.006
        },
        "vus_max": {
            "min": 500,
            "max": 500,
            "value": 500
        },
        "Duração": {
            "avg": 123.77042364286704,
            "min": 0,
            "med": 16.991,
            "max": 2958.7,
            "p(90)": 350.217,
            "p(95)": 650.302
        }
    }
}