{
    "root_group": {
        "path": "",
        "id": "d41d8cd98f00b204e9800998ecf8427e",
        "groups": {},
        "checks": {},
        "name": ""
    },
    "metrics": {
        "http_req_receiving": {
            "avg": 0.0406475977653615,
            "min": 0.013,
            "med": 0.03,
            "max": 17.015,
            "p(90)": 0.046,
            "p(95)": 0.06
        },
        "http_req_duration{expected_response:true}": {
            "med": 4.156,
            "max": 376.486,
            "p(90)": 12.0713,
            "p(95)": 16.804549999999992,
            "avg": 7.85565754189946,
            "min": 1.395
        },
        "http_req_sending": {
            "max": 5.045,
            "p(90)": 0.018,
            "p(95)": 0.023,
            "avg": 0.012819832402233626,
            "min": 0.005,
            "med": 0.01
        },
        "data_sent": {
            "count": 1396200,
            "rate": 7720.557704068712
        },
        "iteration_duration": {
            "max": 1376.645487,
            "p(90)": 1012.5149065,
            "p(95)": 1017.3715806,
            "avg": 1008.3511021080384,
            "min": 1001.611052,
            "med": 1004.6886179999999
        },
        "vus": {
            "value": 100,
            "min": 100,
            "max": 100
        },
        "Falhas": {
            "passes": 0,
            "fails": 17900,
            "value": 0
        },
        "http_req_waiting": {
            "avg": 7.802190111731885,
            "min": 1.365,
            "med": 4.1015,
            "max": 376.446,
            "p(90)": 12.010900000000003,
            "p(95)": 16.759349999999994
        },
        "http_req_failed": {
            "fails": 17900,
            "passes": 0,
            "value": 0
        },
        "data_received": {
            "count": 7195800,
            "rate": 39790.56662866182
        },
        "Sucesso": {
            "passes": 17900,
            "fails": 0,
            "value": 1
        },
        "http_reqs": {
            "count": 17900,
            "rate": 98.98150902652195
        },
        "Total Requestes": {
            "count": 17900,
            "rate": 98.98150902652195
        },
        "http_req_duration": {
            "avg": 7.85565754189946,
            "min": 1.395,
            "med": 4.156,
            "max": 376.486,
            "p(90)": 12.0713,
            "p(95)": 16.804549999999992
        },
        "iterations": {
            "count": 17900,
            "rate": 98.98150902652195
        },
        "http_req_blocked": {
            "med": 0.003,
            "max": 7.076,
            "p(90)": 0.004,
            "p(95)": 0.006,
            "avg": 0.03223441340781794,
            "min": 0.001
        },
        "http_req_connecting": {
            "p(90)": 0,
            "p(95)": 0,
            "avg": 0.013282234636871502,
            "min": 0,
            "med": 0,
            "max": 4.386
        },
        "vus_max": {
            "value": 100,
            "min": 100,
            "max": 100
        },
        "Duração": {
            "med": 4.156,
            "max": 376.486,
            "p(90)": 12.0713,
            "p(95)": 16.804549999999992,
            "avg": 7.85565754189946,
            "min": 1.395
        },
        "http_req_tls_handshaking": {
            "avg": 0,
            "min": 0,
            "med": 0,
            "max": 0,
            "p(90)": 0,
            "p(95)": 0
        }
    }
}