{
    "metrics": {
        "http_req_blocked": {
            "min": 0.001,
            "med": 0.003,
            "max": 45.93,
            "p(90)": 0.005,
            "p(95)": 0.006,
            "avg": 0.06689150234079619
        },
        "Duração": {
            "max": 967.645,
            "p(90)": 29.495800000000038,
            "p(95)": 99.71899999999953,
            "avg": 23.698638473542225,
            "min": 0.131,
            "med": 4.406
        },
        "http_req_sending": {
            "avg": 0.015524528301885854,
            "min": 0.005,
            "med": 0.01,
            "max": 8.94,
            "p(90)": 0.018,
            "p(95)": 0.023
        },
        "vus": {
            "value": 200,
            "min": 200,
            "max": 200
        },
        "Falhas": {
            "passes": 56,
            "fails": 35189,
            "value": 0.0015888778550148957
        },
        "http_req_duration{expected_response:true}": {
            "p(90)": 29.61560000000003,
            "p(95)": 100.02759999999998,
            "avg": 23.726189036346465,
            "min": 1.385,
            "med": 4.401,
            "max": 967.645
        },
        "http_req_failed": {
            "passes": 56,
            "fails": 35189,
            "value": 0.0015888778550148957
        },
        "http_req_connecting": {
            "p(95)": 0,
            "avg": 0.04312498226698821,
            "min": 0,
            "med": 0,
            "max": 42.045,
            "p(90)": 0
        },
        "http_req_tls_handshaking": {
            "p(95)": 0,
            "avg": 0,
            "min": 0,
            "med": 0,
            "max": 0,
            "p(90)": 0
        },
        "Total Requestes": {
            "count": 35245,
            "rate": 194.74169250836528
        },
        "data_received": {
            "rate": 78161.77324176763,
            "count": 14145978
        },
        "iterations": {
            "count": 35245,
            "rate": 194.74169250836528
        },
        "http_req_duration": {
            "p(95)": 99.71899999999953,
            "avg": 23.698638473542225,
            "min": 0.131,
            "med": 4.406,
            "max": 967.645,
            "p(90)": 29.495800000000038
        },
        "data_sent": {
            "rate": 15189.421036733052,
            "count": 2749032
        },
        "http_req_receiving": {
            "avg": 0.0576089658107515,
            "min": 0,
            "med": 0.032,
            "max": 122.119,
            "p(90)": 0.053,
            "p(95)": 0.084
        },
        "vus_max": {
            "value": 200,
            "min": 200,
            "max": 200
        },
        "http_reqs": {
            "rate": 194.74169250836528,
            "count": 35245
        },
        "iteration_duration": {
            "avg": 1024.2294571332322,
            "min": 1001.502211,
            "med": 1004.997524,
            "max": 1967.971918,
            "p(90)": 1030.0082198,
            "p(95)": 1100.6836743999997
        },
        "http_req_waiting": {
            "min": 0.032,
            "med": 4.346,
            "max": 967.556,
            "p(90)": 29.35200000000001,
            "p(95)": 99.65479999999953,
            "avg": 23.62550497942967
        },
        "Sucesso": {
            "passes": 35189,
            "fails": 56,
            "value": 0.9984111221449851
        }
    },
    "root_group": {
        "name": "",
        "path": "",
        "id": "d41d8cd98f00b204e9800998ecf8427e",
        "groups": {},
        "checks": {}
    }
}