{
    "root_group": {
        "name": "",
        "path": "",
        "id": "d41d8cd98f00b204e9800998ecf8427e",
        "groups": {},
        "checks": {}
    },
    "metrics": {
        "Sucesso": {
            "passes": 17900,
            "fails": 0,
            "value": 1
        },
        "vus_max": {
            "max": 100,
            "value": 100,
            "min": 100
        },
        "data_sent": {
            "count": 1432000,
            "rate": 7940.540875043168
        },
        "http_req_duration{expected_response:true}": {
            "med": 3.3955,
            "max": 212.602,
            "p(90)": 12.5861,
            "p(95)": 19.134149999999998,
            "avg": 6.682647150837956,
            "min": 1.312
        },
        "Falhas": {
            "passes": 0,
            "fails": 17900,
            "value": 0
        },
        "Total Requestes": {
            "count": 17900,
            "rate": 99.2567609380396
        },
        "http_req_duration": {
            "max": 212.602,
            "p(90)": 12.5861,
            "p(95)": 19.134149999999998,
            "avg": 6.682647150837956,
            "min": 1.312,
            "med": 3.3955
        },
        "Duração": {
            "min": 1.312,
            "med": 3.3955,
            "max": 212.602,
            "p(90)": 12.5861,
            "p(95)": 19.134149999999998,
            "avg": 6.682647150837956
        },
        "http_req_tls_handshaking": {
            "avg": 0,
            "min": 0,
            "med": 0,
            "max": 0,
            "p(90)": 0,
            "p(95)": 0
        },
        "http_req_receiving": {
            "avg": 0.06361234636871411,
            "min": 0.018,
            "med": 0.037,
            "max": 3.453,
            "p(90)": 0.075,
            "p(95)": 0.244
        },
        "vus": {
            "value": 100,
            "min": 100,
            "max": 100
        },
        "data_received": {
            "count": 148820600,
            "rate": 825220.7104388613
        },
        "http_req_waiting": {
            "avg": 6.606673687150853,
            "min": 1.279,
            "med": 3.322,
            "max": 211.648,
            "p(90)": 12.487300000000001,
            "p(95)": 19.035199999999982
        },
        "http_req_blocked": {
            "med": 0.002,
            "max": 9.28,
            "p(90)": 0.004,
            "p(95)": 0.005,
            "avg": 0.04199664804468368,
            "min": 0.001
        },
        "iterations": {
            "count": 17900,
            "rate": 99.2567609380396
        },
        "http_req_connecting": {
            "avg": 0.015571452513966483,
            "min": 0,
            "med": 0,
            "max": 4.213,
            "p(90)": 0,
            "p(95)": 0
        },
        "iteration_duration": {
            "med": 1003.785509,
            "max": 1219.973256,
            "p(90)": 1012.9070452,
            "p(95)": 1019.5442582,
            "avg": 1007.0640545435123,
            "min": 1001.507446
        },
        "http_reqs": {
            "rate": 99.2567609380396,
            "count": 17900
        },
        "http_req_sending": {
            "p(95)": 0.018,
            "avg": 0.012361117318435217,
            "min": 0.004,
            "med": 0.009,
            "max": 1.095,
            "p(90)": 0.015
        },
        "http_req_failed": {
            "fails": 17900,
            "passes": 0,
            "value": 0
        }
    }
}