{
    "metrics": {
        "Falhas": {
            "passes": 0,
            "fails": 88099,
            "value": 0
        },
        "http_req_duration": {
            "p(90)": 47.21339999999999,
            "p(95)": 109.39209999999999,
            "avg": 23.244449857546726,
            "min": 1.124,
            "med": 3.55,
            "max": 895.476
        },
        "vus": {
            "value": 1,
            "min": 1,
            "max": 500
        },
        "http_req_blocked": {
            "avg": 0.24218885571967555,
            "min": 0.001,
            "med": 0.003,
            "max": 233.172,
            "p(90)": 0.004,
            "p(95)": 0.005
        },
        "vus_max": {
            "value": 500,
            "min": 500,
            "max": 500
        },
        "iteration_duration": {
            "p(90)": 1047.5580936,
            "p(95)": 1109.6227977,
            "avg": 1023.8134258794114,
            "min": 1001.224737,
            "med": 1003.942997,
            "max": 2004.256563
        },
        "http_reqs": {
            "count": 88099,
            "rate": 486.72557228941855
        },
        "http_req_duration{expected_response:true}": {
            "avg": 23.244449857546726,
            "min": 1.124,
            "med": 3.55,
            "max": 895.476,
            "p(90)": 47.21339999999999,
            "p(95)": 109.39209999999999
        },
        "Total Requestes": {
            "rate": 486.72557228941855,
            "count": 88099
        },
        "Sucesso": {
            "passes": 88099,
            "fails": 0,
            "value": 1
        },
        "iterations": {
            "count": 88099,
            "rate": 486.72557228941855
        },
        "http_req_sending": {
            "avg": 0.017147175336844313,
            "min": 0.004,
            "med": 0.009,
            "max": 55.143,
            "p(90)": 0.015,
            "p(95)": 0.018
        },
        "http_req_waiting": {
            "avg": 23.165753425123754,
            "min": 1.095,
            "med": 3.476,
            "max": 895.284,
            "p(90)": 47.13299999999996,
            "p(95)": 109.33329999999997
        },
        "http_req_tls_handshaking": {
            "p(90)": 0,
            "p(95)": 0,
            "avg": 0,
            "min": 0,
            "med": 0,
            "max": 0
        },
        "http_req_receiving": {
            "p(95)": 0.192,
            "avg": 0.061549257085776445,
            "min": 0.014,
            "med": 0.036,
            "max": 18.559,
            "p(90)": 0.067
        },
        "http_req_connecting": {
            "min": 0,
            "med": 0,
            "max": 124.403,
            "p(90)": 0,
            "p(95)": 0,
            "avg": 0.21320032009443918
        },
        "data_sent": {
            "count": 7047920,
            "rate": 38938.04578315349
        },
        "Duração": {
            "avg": 23.244449857546726,
            "min": 1.124,
            "med": 3.55,
            "max": 895.476,
            "p(90)": 47.21339999999999,
            "p(95)": 109.39209999999999
        },
        "http_req_failed": {
            "passes": 0,
            "fails": 88099,
            "value": 0
        },
        "data_received": {
            "count": 732455086,
            "rate": 4046636.408014226
        }
    },
    "root_group": {
        "groups": {},
        "checks": {},
        "name": "",
        "path": "",
        "id": "d41d8cd98f00b204e9800998ecf8427e"
    }
}