{
    "root_group": {
        "groups": {},
        "checks": {},
        "name": "",
        "path": "",
        "id": "d41d8cd98f00b204e9800998ecf8427e"
    },
    "metrics": {
        "data_sent": {
            "count": 2863920,
            "rate": 15826.370930949997
        },
        "Sucesso": {
            "passes": 35797,
            "fails": 3,
            "value": 0.9999162011173184
        },
        "http_req_waiting": {
            "p(90)": 13.171200000000004,
            "p(95)": 21.39559999999995,
            "avg": 8.467355335195569,
            "min": 0,
            "med": 3.611,
            "max": 520.334
        },
        "Falhas": {
            "fails": 35797,
            "passes": 3,
            "value": 0.00008379888268156425
        },
        "http_req_receiving": {
            "avg": 0.057468268156425494,
            "min": 0,
            "med": 0.037,
            "max": 5.077,
            "p(90)": 0.064,
            "p(95)": 0.154
        },
        "http_req_sending": {
            "p(95)": 0.019,
            "avg": 0.013848100558657612,
            "min": 0,
            "med": 0.009,
            "max": 3.488,
            "p(90)": 0.016
        },
        "http_req_connecting": {
            "avg": 0.0769817597765363,
            "min": 0,
            "med": 0,
            "max": 122.923,
            "p(90)": 0,
            "p(95)": 0
        },
        "iteration_duration": {
            "avg": 1009.013399620343,
            "min": 1001.226074,
            "med": 1004.1307905000001,
            "max": 1520.675874,
            "p(90)": 1013.5608754,
            "p(95)": 1021.9480177499998
        },
        "Total Requestes": {
            "count": 35800,
            "rate": 197.83516275873973
        },
        "http_req_duration": {
            "p(95)": 21.473499999999955,
            "avg": 8.538671703910566,
            "min": 0,
            "med": 3.689,
            "max": 520.397,
            "p(90)": 13.244400000000008
        },
        "Duração": {
            "p(95)": 21.473499999999955,
            "avg": 8.538671703910566,
            "min": 0,
            "med": 3.689,
            "max": 520.397,
            "p(90)": 13.244400000000008
        },
        "data_received": {
            "count": 297616258,
            "rate": 1644663.710644611
        },
        "iterations": {
            "count": 35800,
            "rate": 197.83516275873973
        },
        "http_req_failed": {
            "fails": 35797,
            "passes": 3,
            "value": 0.00008379888268156425
        },
        "http_req_duration{expected_response:true}": {
            "max": 520.397,
            "p(90)": 13.245600000000005,
            "p(95)": 21.47499999999997,
            "avg": 8.539377880827955,
            "min": 1.26,
            "med": 3.689
        },
        "http_reqs": {
            "count": 35800,
            "rate": 197.83516275873973
        },
        "vus": {
            "value": 200,
            "min": 200,
            "max": 200
        },
        "vus_max": {
            "max": 200,
            "value": 200,
            "min": 200
        },
        "http_req_blocked": {
            "p(95)": 0.005,
            "avg": 0.08747410614529035,
            "min": 0,
            "med": 0.003,
            "max": 122.968,
            "p(90)": 0.004
        },
        "http_req_tls_handshaking": {
            "avg": 0,
            "min": 0,
            "med": 0,
            "max": 0,
            "p(90)": 0,
            "p(95)": 0
        }
    }
}