{
    "metrics": {
        "Total Requestes": {
            "count": 28830,
            "rate": 159.2685908997308
        },
        "http_req_blocked": {
            "avg": 0.02345103843836908,
            "min": 0,
            "med": 0.002,
            "max": 14.885,
            "p(90)": 0.003,
            "p(95)": 0.003
        },
        "http_req_tls_handshaking": {
            "max": 0,
            "p(90)": 0,
            "p(95)": 0,
            "avg": 0,
            "min": 0,
            "med": 0
        },
        "iteration_duration": {
            "avg": 1252.2955911228191,
            "min": 1006.232025,
            "med": 1183.2653500000001,
            "max": 2989.658689,
            "p(90)": 1519.149083,
            "p(95)": 1639.1533048499998
        },
        "http_req_duration{expected_response:true}": {
            "min": 1.485,
            "med": 55.7,
            "max": 1176.73,
            "p(90)": 191.46039999999996,
            "p(95)": 242.9613999999998,
            "avg": 83.95477808231854
        },
        "Duração": {
            "max": 1989.4009999999998,
            "p(90)": 518.3979,
            "p(95)": 638.7122,
            "avg": 251.80401963232728,
            "min": 2.162,
            "med": 182.7785
        },
        "http_reqs": {
            "rate": 477.728431031742,
            "count": 86476
        },
        "http_req_duration": {
            "min": 1.485,
            "med": 55.689499999999995,
            "max": 1176.73,
            "p(90)": 191.457,
            "p(95)": 242.953,
            "avg": 83.94826178361629
        },
        "vus_max": {
            "value": 200,
            "min": 200,
            "max": 200
        },
        "iterations": {
            "count": 28830,
            "rate": 159.2685908997308
        },
        "vus": {
            "max": 200,
            "value": 9,
            "min": 9
        },
        "http_req_failed": {
            "passes": 7,
            "fails": 86469,
            "value": 0.00008094731486192701
        },
        "data_received": {
            "count": 354753484,
            "rate": 1959801.8561723968
        },
        "http_req_receiving": {
            "p(95)": 1.968,
            "avg": 0.48701799343168467,
            "min": 0,
            "med": 0.037,
            "max": 56.189,
            "p(90)": 1.4455
        },
        "http_req_connecting": {
            "med": 0,
            "max": 6.631,
            "p(90)": 0,
            "p(95)": 0,
            "avg": 0.006129145658911139,
            "min": 0
        },
        "Falhas": {
            "passes": 7,
            "fails": 28823,
            "value": 0.00024280263614290669
        },
        "Sucesso": {
            "passes": 28823,
            "fails": 7,
            "value": 0.999757197363857
        },
        "data_sent": {
            "rate": 38536.65698100392,
            "count": 6975712
        },
        "http_req_waiting": {
            "p(90)": 190.89600000000002,
            "p(95)": 242.2605,
            "avg": 83.44753759424505,
            "min": 1.454,
            "med": 55.126000000000005,
            "max": 1175.175
        },
        "http_req_sending": {
            "p(95)": 0.016,
            "avg": 0.013706195938756752,
            "min": 0.004,
            "med": 0.008,
            "max": 6.695,
            "p(90)": 0.013
        }
    },
    "root_group": {
        "name": "",
        "path": "",
        "id": "d41d8cd98f00b204e9800998ecf8427e",
        "groups": {},
        "checks": {}
    }
}