{
    "root_group": {
        "checks": {},
        "name": "",
        "path": "",
        "id": "d41d8cd98f00b204e9800998ecf8427e",
        "groups": {}
    },
    "metrics": {
        "http_reqs": {
            "count": 50694,
            "rate": 280.06017465260516
        },
        "http_req_waiting": {
            "med": 10.5885,
            "max": 377.361,
            "p(90)": 54.995,
            "p(95)": 78.93929999999997,
            "avg": 22.04462956168411,
            "min": 1.223
        },
        "Falhas": {
            "passes": 0,
            "fails": 16898,
            "value": 0
        },
        "http_req_tls_handshaking": {
            "p(95)": 0,
            "avg": 0,
            "min": 0,
            "med": 0,
            "max": 0,
            "p(90)": 0
        },
        "http_req_failed": {
            "passes": 0,
            "fails": 50694,
            "value": 0
        },
        "Duração": {
            "med": 38.23650000000001,
            "max": 744.26,
            "p(90)": 160.97580000000008,
            "p(95)": 213.55619999999996,
            "avg": 67.95990182270123,
            "min": 5.755999999999999
        },
        "vus": {
            "max": 100,
            "value": 2,
            "min": 2
        },
        "http_req_duration": {
            "min": 1.361,
            "med": 11.2335,
            "max": 381.794,
            "p(90)": 55.785800000000016,
            "p(95)": 79.68515,
            "avg": 22.653300607567175
        },
        "http_req_connecting": {
            "min": 0,
            "med": 0,
            "max": 4.142,
            "p(90)": 0,
            "p(95)": 0,
            "avg": 0.005605042016806721
        },
        "http_req_sending": {
            "p(95)": 0.017,
            "avg": 0.010783445772673123,
            "min": 0.004,
            "med": 0.009,
            "max": 1.85,
            "p(90)": 0.015
        },
        "http_req_receiving": {
            "avg": 0.5978876001104556,
            "min": 0.013,
            "med": 0.041,
            "max": 54.79,
            "p(90)": 1.871,
            "p(95)": 2.624
        },
        "vus_max": {
            "value": 100,
            "min": 100,
            "max": 100
        },
        "iterations": {
            "count": 16898,
            "rate": 93.35339155086838
        },
        "Sucesso": {
            "passes": 16898,
            "fails": 0,
            "value": 1
        },
        "http_req_duration{expected_response:true}": {
            "avg": 22.653300607567175,
            "min": 1.361,
            "med": 11.2335,
            "max": 381.794,
            "p(90)": 55.785800000000016,
            "p(95)": 79.68515
        },
        "data_sent": {
            "count": 4089316,
            "rate": 22591.520755310146
        },
        "http_req_blocked": {
            "avg": 0.011004142502060542,
            "min": 0,
            "med": 0.002,
            "max": 5.875,
            "p(90)": 0.003,
            "p(95)": 0.004
        },
        "data_received": {
            "count": 207980584,
            "rate": 1148993.543208088
        },
        "Total Requestes": {
            "rate": 93.35339155086838,
            "count": 16898
        },
        "iteration_duration": {
            "max": 1744.685435,
            "p(90)": 1161.5988581,
            "p(95)": 1213.9152136,
            "avg": 1068.6107803738876,
            "min": 1006.018463,
            "med": 1038.875627
        }
    }
}