{
    "root_group": {
        "checks": {},
        "name": "",
        "path": "",
        "id": "d41d8cd98f00b204e9800998ecf8427e",
        "groups": {}
    },
    "metrics": {
        "http_req_duration": {
            "avg": 464.84247121869674,
            "min": 1.78,
            "med": 471.354,
            "max": 3847.924,
            "p(90)": 697.4144,
            "p(95)": 776.9304499999996
        },
        "http_req_waiting": {
            "min": 1.747,
            "med": 470.89649999999995,
            "max": 3846.451,
            "p(90)": 696.7953,
            "p(95)": 776.1089,
            "avg": 464.3228759314216
        },
        "Duração": {
            "avg": 1394.5274136561068,
            "min": 93.445,
            "med": 1343.513,
            "max": 5251.329000000001,
            "p(90)": 1770.673,
            "p(95)": 1938.685
        },
        "data_sent": {
            "count": 9137498,
            "rate": 50336.52764922029
        },
        "http_req_duration{expected_response:true}": {
            "max": 3847.924,
            "p(90)": 697.4144,
            "p(95)": 776.9304499999996,
            "avg": 464.84247121869674,
            "min": 1.78,
            "med": 471.354
        },
        "http_req_failed": {
            "passes": 0,
            "fails": 113268,
            "value": 0
        },
        "http_req_receiving": {
            "med": 0.035,
            "max": 1021.788,
            "p(90)": 1.253,
            "p(95)": 1.6096499999999943,
            "avg": 0.4460533336864717,
            "min": 0.012
        },
        "Sucesso": {
            "passes": 37756,
            "fails": 0,
            "value": 1
        },
        "Total Requestes": {
            "rate": 207.98975145318352,
            "count": 37756
        },
        "http_req_connecting": {
            "p(90)": 0,
            "p(95)": 0,
            "avg": 0.0036262492495673965,
            "min": 0,
            "med": 0,
            "max": 3.381
        },
        "http_req_blocked": {
            "min": 0,
            "med": 0.002,
            "max": 81.418,
            "p(90)": 0.003,
            "p(95)": 0.003,
            "avg": 0.007431463431834047
        },
        "http_reqs": {
            "count": 113268,
            "rate": 623.9692543595505
        },
        "http_req_sending": {
            "avg": 0.07354195359674671,
            "min": 0.004,
            "med": 0.008,
            "max": 1028.45,
            "p(90)": 0.012,
            "p(95)": 0.015
        },
        "vus_max": {
            "max": 500,
            "value": 500,
            "min": 500
        },
        "iteration_duration": {
            "max": 6254.795805,
            "p(90)": 2770.928669,
            "p(95)": 2938.94066475,
            "avg": 2394.865698944498,
            "min": 1093.829392,
            "med": 2343.8775175
        },
        "iterations": {
            "count": 37756,
            "rate": 207.98975145318352
        },
        "http_req_tls_handshaking": {
            "avg": 0,
            "min": 0,
            "med": 0,
            "max": 0,
            "p(90)": 0,
            "p(95)": 0
        },
        "Falhas": {
            "passes": 0,
            "fails": 37756,
            "value": 0
        },
        "data_received": {
            "count": 464700848,
            "rate": 2559937.8608857826
        },
        "vus": {
            "value": 247,
            "min": 247,
            "max": 500
        }
    }
}