{
    "metrics": {
        "Sucesso": {
            "passes": 58935,
            "fails": 373,
            "value": 0.9937107978687529
        },
        "http_reqs": {
            "count": 59308,
            "rate": 327.0637727923463
        },
        "http_req_sending": {
            "max": 1023.134,
            "p(90)": 0.016,
            "p(95)": 0.021,
            "avg": 0.04100679503608564,
            "min": 0,
            "med": 0.009
        },
        "http_req_waiting": {
            "p(95)": 1168.3379499999999,
            "avg": 520.8019627031725,
            "min": 0,
            "med": 472.172,
            "max": 2962.51,
            "p(90)": 986.5131000000001
        },
        "http_req_tls_handshaking": {
            "max": 0,
            "p(90)": 0,
            "p(95)": 0,
            "avg": 0,
            "min": 0,
            "med": 0
        },
        "data_sent": {
            "count": 4974984,
            "rate": 27435.37189960137
        },
        "http_req_blocked": {
            "avg": 0.18321944762980338,
            "min": 0,
            "med": 0.003,
            "max": 140.169,
            "p(90)": 0.004,
            "p(95)": 0.005
        },
        "http_req_duration": {
            "med": 473.8845,
            "max": 2963.529,
            "p(90)": 988.0293000000003,
            "p(95)": 1169.9256499999995,
            "avg": 522.4668596985236,
            "min": 0
        },
        "http_req_failed": {
            "passes": 373,
            "fails": 58935,
            "value": 0.0062892021312470495
        },
        "Total Requestes": {
            "count": 59308,
            "rate": 327.0637727923463
        },
        "vus_max": {
            "value": 500,
            "min": 500,
            "max": 500
        },
        "http_req_connecting": {
            "avg": 0.12944911310447177,
            "min": 0,
            "med": 0,
            "max": 117.598,
            "p(90)": 0,
            "p(95)": 0
        },
        "Falhas": {
            "fails": 58935,
            "passes": 373,
            "value": 0.0062892021312470495
        },
        "vus": {
            "value": 129,
            "min": 129,
            "max": 500
        },
        "http_req_duration{expected_response:true}": {
            "min": 2.764,
            "med": 477.129,
            "max": 2963.529,
            "p(90)": 989.4419999999999,
            "p(95)": 1171.187,
            "avg": 525.7328417918053
        },
        "data_received": {
            "count": 211694520,
            "rate": 1167424.4349946855
        },
        "iterations": {
            "count": 59308,
            "rate": 327.0637727923463
        },
        "http_req_receiving": {
            "avg": 1.6238902003102376,
            "min": 0,
            "med": 1.322,
            "max": 1026.445,
            "p(90)": 2.528,
            "p(95)": 3.4096499999999943
        },
        "Duração": {
            "med": 473.8845,
            "max": 2963.529,
            "p(90)": 988.0293000000003,
            "p(95)": 1169.9256499999995,
            "avg": 522.4668596985236,
            "min": 0
        },
        "iteration_duration": {
            "p(95)": 2170.2566965999995,
            "avg": 1523.1392413624123,
            "min": 1002.907136,
            "med": 1474.3175864999998,
            "max": 3963.736919,
            "p(90)": 1988.3733909
        }
    },
    "root_group": {
        "id": "d41d8cd98f00b204e9800998ecf8427e",
        "groups": {},
        "checks": {},
        "name": "",
        "path": ""
    }
}