{
    "metrics": {
        "Total Requestes": {
            "count": 35389,
            "rate": 195.51005406958745
        },
        "http_req_duration": {
            "avg": 19.275364830879717,
            "min": 0,
            "med": 5.904,
            "max": 1003.702,
            "p(90)": 39.99120000000005,
            "p(95)": 76.74339999999998
        },
        "http_req_connecting": {
            "p(90)": 0,
            "p(95)": 0,
            "avg": 0.0678304557913476,
            "min": 0,
            "med": 0,
            "max": 117.758
        },
        "data_received": {
            "count": 126984384,
            "rate": 701537.8728371317
        },
        "http_req_waiting": {
            "p(90)": 37.65100000000003,
            "p(95)": 74.41319999999999,
            "avg": 17.326757495266985,
            "min": 0,
            "med": 3.889,
            "max": 998.116
        },
        "http_req_duration{expected_response:true}": {
            "med": 5.909,
            "max": 1003.702,
            "p(90)": 40.074100000000016,
            "p(95)": 76.78374999999996,
            "avg": 19.29448263181722,
            "min": 2.453
        },
        "data_sent": {
            "count": 2971500,
            "rate": 16416.347612754784
        },
        "Falhas": {
            "passes": 37,
            "fails": 35352,
            "value": 0.001045522620023171
        },
        "iterations": {
            "count": 35389,
            "rate": 195.51005406958745
        },
        "iteration_duration": {
            "p(95)": 1077.0053436,
            "avg": 1019.7186013888385,
            "min": 1000.760533,
            "med": 1006.371836,
            "max": 2003.977942,
            "p(90)": 1040.3058222
        },
        "vus_max": {
            "value": 200,
            "min": 200,
            "max": 200
        },
        "http_req_sending": {
            "p(90)": 0.017,
            "p(95)": 0.021,
            "avg": 0.018886066291782296,
            "min": 0,
            "med": 0.01,
            "max": 5.04
        },
        "http_reqs": {
            "count": 35389,
            "rate": 195.51005406958745
        },
        "http_req_failed": {
            "passes": 37,
            "fails": 35352,
            "value": 0.001045522620023171
        },
        "vus": {
            "value": 2,
            "min": 2,
            "max": 200
        },
        "Duração": {
            "avg": 19.275364830879717,
            "min": 0,
            "med": 5.904,
            "max": 1003.702,
            "p(90)": 39.99120000000005,
            "p(95)": 76.74339999999998
        },
        "http_req_tls_handshaking": {
            "p(95)": 0,
            "avg": 0,
            "min": 0,
            "med": 0,
            "max": 0,
            "p(90)": 0
        },
        "http_req_receiving": {
            "avg": 1.9297212693209742,
            "min": 0,
            "med": 1.601,
            "max": 108.192,
            "p(90)": 3.161,
            "p(95)": 4.035
        },
        "http_req_blocked": {
            "max": 129.075,
            "p(90)": 0.004,
            "p(95)": 0.005,
            "avg": 0.08112526491286856,
            "min": 0,
            "med": 0.003
        },
        "Sucesso": {
            "passes": 35352,
            "fails": 37,
            "value": 0.9989544773799768
        }
    },
    "root_group": {
        "name": "",
        "path": "",
        "id": "d41d8cd98f00b204e9800998ecf8427e",
        "groups": {},
        "checks": {}
    }
}