{
    "root_group": {
        "name": "",
        "path": "",
        "id": "d41d8cd98f00b204e9800998ecf8427e",
        "groups": {},
        "checks": {}
    },
    "metrics": {
        "data_sent": {
            "count": 1498476,
            "rate": 8278.634631566681
        },
        "http_req_blocked": {
            "avg": 0.029012108302034538,
            "min": 0.001,
            "med": 0.003,
            "max": 6.136,
            "p(90)": 0.004,
            "p(95)": 0.006
        },
        "Sucesso": {
            "passes": 17839,
            "fails": 0,
            "value": 1
        },
        "data_received": {
            "count": 64077688,
            "rate": 354010.185673661
        },
        "vus": {
            "value": 1,
            "min": 1,
            "max": 100
        },
        "http_reqs": {
            "count": 17839,
            "rate": 98.55517418531764
        },
        "http_req_duration{expected_response:true}": {
            "p(95)": 30.070299999999968,
            "avg": 10.931841751219245,
            "min": 2.414,
            "med": 5.98,
            "max": 337.176,
            "p(90)": 18.28760000000001
        },
        "Duração": {
            "avg": 10.931841751219245,
            "min": 2.414,
            "med": 5.98,
            "max": 337.176,
            "p(90)": 18.28760000000001,
            "p(95)": 30.070299999999968
        },
        "Total Requestes": {
            "count": 17839,
            "rate": 98.55517418531764
        },
        "Falhas": {
            "passes": 0,
            "fails": 17839,
            "value": 0
        },
        "iterations": {
            "count": 17839,
            "rate": 98.55517418531764
        },
        "http_req_duration": {
            "avg": 10.931841751219245,
            "min": 2.414,
            "med": 5.98,
            "max": 337.176,
            "p(90)": 18.28760000000001,
            "p(95)": 30.070299999999968
        },
        "http_req_sending": {
            "p(95)": 0.024,
            "avg": 0.013774875273276636,
            "min": 0.005,
            "med": 0.011,
            "max": 2.048,
            "p(90)": 0.019
        },
        "http_req_receiving": {
            "p(90)": 3.3216000000000023,
            "p(95)": 4.176299999999996,
            "avg": 2.0043498514490756,
            "min": 0.017,
            "med": 1.687,
            "max": 46.733
        },
        "http_req_connecting": {
            "p(90)": 0,
            "p(95)": 0,
            "avg": 0.016322383541678347,
            "min": 0,
            "med": 0,
            "max": 4.075
        },
        "http_req_failed": {
            "passes": 0,
            "fails": 17839,
            "value": 0
        },
        "iteration_duration": {
            "avg": 1011.4277804338229,
            "min": 1002.591606,
            "med": 1006.510311,
            "max": 1342.348834,
            "p(90)": 1018.635217,
            "p(95)": 1030.4266273
        },
        "http_req_waiting": {
            "avg": 8.913717024496814,
            "min": 1.42,
            "med": 3.954,
            "max": 335.344,
            "p(90)": 15.667800000000003,
            "p(95)": 27.026199999999953
        },
        "http_req_tls_handshaking": {
            "avg": 0,
            "min": 0,
            "med": 0,
            "max": 0,
            "p(90)": 0,
            "p(95)": 0
        },
        "vus_max": {
            "value": 100,
            "min": 100,
            "max": 100
        }
    }
}