Type,Name,Request Count,Failure Count,Median Response Time,Average Response Time,Min Response Time,Max Response Time,Average Content Size,Requests/s,Failures/s,50%,66%,75%,80%,90%,95%,98%,99%,99.9%,99.99%,100%
GET,/image,35366,0,6,14.198239202482524,2.03864000000209,865.3528809999999,10568.0,197.35585120265483,0.0,6,9,11,13,19,28,74,180,820,860,870
,Aggregated,35366,0,6,14.198239202482524,2.03864000000209,865.3528809999999,10568.0,197.35585120265483,0.0,6,9,11,13,19,28,74,180,820,860,870
