Type,Name,Request Count,Failure Count,Median Response Time,Average Response Time,Min Response Time,Max Response Time,Average Content Size,Requests/s,Failures/s,50%,66%,75%,80%,90%,95%,98%,99%,99.9%,99.99%,100%
GET,/image,17700,0,7,10.260654476158194,2.095665000013014,245.61266100000267,10568.0,99.3522803550478,0.0,7,9,11,13,18,25,43,77,190,240,250
,Aggregated,17700,0,7,10.260654476158194,2.095665000013014,245.61266100000267,10568.0,99.3522803550478,0.0,7,9,11,13,18,25,43,77,190,240,250
