Type,Name,Request Count,Failure Count,Median Response Time,Average Response Time,Min Response Time,Max Response Time,Average Content Size,Requests/s,Failures/s,50%,66%,75%,80%,90%,95%,98%,99%,99.9%,99.99%,100%
GET,/get,87443,0,7,26.695040378040122,2.1337709999897925,1273.964802,268.0,487.1503298684086,0.0,7,12,17,23,52,92,180,360,1200,1300,1300
,Aggregated,87443,0,7,26.695040378040122,2.1337709999897925,1273.964802,268.0,487.1503298684086,0.0,7,12,17,23,52,92,180,360,1200,1300,1300
