Type,Name,Request Count,Failure Count,Median Response Time,Average Response Time,Min Response Time,Max Response Time,Average Content Size,Requests/s,Failures/s,50%,66%,75%,80%,90%,95%,98%,99%,99.9%,99.99%,100%
GET,/get,33267,0,320.0,377.0017995993602,5.689652999997463,6195.902993000001,268.0,185.87156100976713,0.0,320,400,460,490,620,770,1100,2000,5000,6200,6200
GET,/image,32997,0,630.0,656.2048835630245,8.147795000001068,2307.426726000001,10568.0,184.362999327841,0.0,630,700,750,780,900,1000,1300,1600,2000,2300,2300
GET,/stream/20,33123,0,630.0,656.4058287460676,4.539148000000104,2331.89883,4850.0,185.06699477940654,0.0,630,710,750,790,910,1000,1300,1500,2200,2300,2300
,Aggregated,99387,0,550.0,562.8164817909433,4.539148000000104,6195.902993000001,5214.710193486069,555.3015551170147,0.0,550,640,700,740,850,990,1300,1600,4200,6200,6200
