Type,Name,Request Count,Failure Count,Median Response Time,Average Response Time,Min Response Time,Max Response Time,Average Content Size,Requests/s,Failures/s,50%,66%,75%,80%,90%,95%,98%,99%,99.9%,99.99%,100%
GET,/get,28193,0,38,60.530048435462454,2.387095999992539,1283.11333,268.0,156.96249518631254,0.0,38,59,77,90,130,170,240,330,1300,1300,1300
GET,/image,28164,0,85,105.63537179413429,2.260237999990977,686.4739769999915,10568.0,156.80103977679943,0.0,85,120,150,170,220,260,310,360,640,680,690
GET,/stream/20,28179,0,87,110.01696497561896,3.055368000019598,686.17521500002,4850.0,156.88455119551313,0.0,87,130,160,180,220,260,320,390,600,680,690
,Aggregated,84536,0,66,92.05316460205148,2.260237999990977,1283.11333,5226.89772404656,470.6480861586251,0.0,66,100,130,150,200,250,310,360,860,1300,1300
