Type,Name,Request Count,Failure Count,Median Response Time,Average Response Time,Min Response Time,Max Response Time,Average Content Size,Requests/s,Failures/s,50%,66%,75%,80%,90%,95%,98%,99%,99.9%,99.99%,100%
GET,/get,17023,0,7,14.477284495271183,2.3177229999973292,546.4359890000001,268.0,94.87158161536723,0.0,7,11,14,16,26,40,74,130,510,540,550
GET,/image,17023,0,11,20.076333008811854,2.189864000001762,340.13348099999996,10568.0,94.87158161536723,0.0,11,17,23,29,44,65,110,150,280,320,340
GET,/stream/20,17023,0,12,21.7658906108795,2.89685900000336,400.53790100000697,4850.0,94.87158161536723,0.0,12,19,26,31,48,72,110,140,240,400,400
,Aggregated,51069,0,10,18.773169371653985,2.189864000001762,546.4359890000001,5228.666666666667,284.6147448461017,0.0,10,15,20,25,41,61,100,140,330,530,550
