Type,Name,Request Count,Failure Count,Median Response Time,Average Response Time,Min Response Time,Max Response Time,Average Content Size,Requests/s,Failures/s,50%,66%,75%,80%,90%,95%,98%,99%,99.9%,99.99%,100%
GET,/image,87966,0,6,20.298938392344727,2.0212370000081137,1254.6168840000003,10568.0,490.0224233341511,0.0,6,11,15,19,39,69,110,150,1100,1200,1300
,Aggregated,87966,0,6,20.298938392344727,2.0212370000081137,1254.6168840000003,10568.0,490.0224233341511,0.0,6,11,15,19,39,69,110,150,1100,1200,1300
