Type,Name,Request Count,Failure Count,Median Response Time,Average Response Time,Min Response Time,Max Response Time,Average Content Size,Requests/s,Failures/s,50%,66%,75%,80%,90%,95%,98%,99%,99.9%,99.99%,100%
GET,/get,17800,0,7,11.554901098033618,2.148127999998195,324.7887959999929,268.0,99.14455830480824,0.0,7,9,12,13,19,27,53,150,280,320,320
,Aggregated,17800,0,7,11.554901098033618,2.148127999998195,324.7887959999929,268.0,99.14455830480824,0.0,7,9,12,13,19,27,53,150,280,320,320
