Type,Name,Request Count,Failure Count,Median Response Time,Average Response Time,Min Response Time,Max Response Time,Average Content Size,Requests/s,Failures/s,50%,66%,75%,80%,90%,95%,98%,99%,99.9%,99.99%,100%
GET,/get,35600,0,6,11.542921923258433,2.176032999997801,444.33102699999995,268.0,198.37637211725018,0.0,6,9,11,13,21,31,51,78,420,440,440
,Aggregated,35600,0,6,11.542921923258433,2.176032999997801,444.33102699999995,268.0,198.37637211725018,0.0,6,9,11,13,21,31,51,78,420,440,440
